email,male,female
hassan.shiyaz@infrastructure.gov.mv,Abdulla Jalaal,Aishath Enas
admin@admin.com,Ahad Ibrahim,Aishath Hanim
hassan.shiyaz@infrastructure.gov.mvs,Abdulla Jalaal,Aishath Enas
hassan.shiyaz@infrastructur.gov.mv,Adam Musavvir,Aisha Ashraf
hassan@yourcompany.com,Ahmed Hussain,Aishath Hanim
hassan@company.com,Ahmed Moosa,Aisha Ashraf
hassanshiyaz@gmail.coms,Ahmed Hussain,Aishath Hasna
admin@admin.coms,Ahad Ibrahim,Aishath Enas
admin@admin.comd,Mohamed Saameen,Aishath Hasna
hassan@yourcompany.come,Ibrahim Thayyib,Fezleen
admin@admin.comfdf,Najaah Ibrahim,Ghadhiya Ahmed
admin@admin.comfff,Ibrahim Hamadh,Mariyam Ahmed
hassanshiyaz@gmail.comgg,Hassan Shiyaz,Mariyam Alma
hassanshiyaz@gmail.comddd,Ibrahim Thoaam Mohamed,Aishath Sofaa Ali
hassan.shiyaz@infrastructure.gov.mvfff,Ibrahim Thoaam Mohamed,Aishath Enas
admin@admin.comff,Abdulla Jalaal,Ahlaam Ahmed Afeef
admin@admin.comffff,Mohamed Abdulla,Asiyath Inaan Iqbal
hassan@company.comddd,Ibrahim Thayyib,Mariyam Laisha Shafig
hassan.shiyaz@infrastructur.gov.mvssss,Ibrahim Labeed Abdul Wahhab,Fathimath Rifzan
